Name,Category,Subcategory,Filename,Size (MB),Full Path
parts,,,parts.7z,561.7,Assetto Corsa/Cars/parts.7z
adl-proam-BMW_M2_F22_extended,ADL-RealiSim HQ,COSMIC,adl-proam-BMW_M2_F22_extended.7z,108.6,Assetto Corsa/Cars/ADL-RealiSim HQ/COSMIC/adl-proam-BMW_M2_F22_extended.7z
adl_proam_180sx_extended,ADL-RealiSim HQ,COSMIC,adl_proam_180sx_extended.7z,89.3,Assetto Corsa/Cars/ADL-RealiSim HQ/COSMIC/adl_proam_180sx_extended.7z
adl_proam_1m_extended,ADL-RealiSim HQ,COSMIC,adl_proam_1m_extended.7z,99.9,Assetto Corsa/Cars/ADL-RealiSim HQ/COSMIC/adl_proam_1m_extended.7z
adl_proam_350z_extended,ADL-RealiSim HQ,COSMIC,adl_proam_350z_extended.7z,197.5,Assetto Corsa/Cars/ADL-RealiSim HQ/COSMIC/adl_proam_350z_extended.7z
adl_proam_400z_extended,ADL-RealiSim HQ,COSMIC,adl_proam_400z_extended.7z,165.4,Assetto Corsa/Cars/ADL-RealiSim HQ/COSMIC/adl_proam_400z_extended.7z
adl_proam_718_extended,ADL-RealiSim HQ,COSMIC,adl_proam_718_extended.7z,91.0,Assetto Corsa/Cars/ADL-RealiSim HQ/COSMIC/adl_proam_718_extended.7z
adl_proam_Ford Mustang 66_extended,ADL-RealiSim HQ,COSMIC,adl_proam_Ford Mustang 66_extended.7z,170.9,Assetto Corsa/Cars/ADL-RealiSim HQ/COSMIC/adl_proam_Ford Mustang 66_extended.7z
adl_proam_a80_extended,ADL-RealiSim HQ,COSMIC,adl_proam_a80_extended.7z,115.1,Assetto Corsa/Cars/ADL-RealiSim HQ/COSMIC/adl_proam_a80_extended.7z
adl_proam_c5_extended,ADL-RealiSim HQ,COSMIC,adl_proam_c5_extended.7z,173.9,Assetto Corsa/Cars/ADL-RealiSim HQ/COSMIC/adl_proam_c5_extended.7z
adl_proam_e36_extended,ADL-RealiSim HQ,COSMIC,adl_proam_e36_extended.7z,102.9,Assetto Corsa/Cars/ADL-RealiSim HQ/COSMIC/adl_proam_e36_extended.7z
adl_proam_e46_extended,ADL-RealiSim HQ,COSMIC,adl_proam_e46_extended.7z,147.1,Assetto Corsa/Cars/ADL-RealiSim HQ/COSMIC/adl_proam_e46_extended.7z
adl_proam_fc_extended,ADL-RealiSim HQ,COSMIC,adl_proam_fc_extended.7z,159.9,Assetto Corsa/Cars/ADL-RealiSim HQ/COSMIC/adl_proam_fc_extended.7z
adl_proam_foxbody_extended,ADL-RealiSim HQ,COSMIC,adl_proam_foxbody_extended.7z,129.1,Assetto Corsa/Cars/ADL-RealiSim HQ/COSMIC/adl_proam_foxbody_extended.7z
adl_proam_gt86_extended,ADL-RealiSim HQ,COSMIC,adl_proam_gt86_extended.7z,80.4,Assetto Corsa/Cars/ADL-RealiSim HQ/COSMIC/adl_proam_gt86_extended.7z
adl_proam_r31_wagon_extended,ADL-RealiSim HQ,COSMIC,adl_proam_r31_wagon_extended.7z,143.6,Assetto Corsa/Cars/ADL-RealiSim HQ/COSMIC/adl_proam_r31_wagon_extended.7z
adl_proam_r34_extended,ADL-RealiSim HQ,COSMIC,adl_proam_r34_extended.7z,101.6,Assetto Corsa/Cars/ADL-RealiSim HQ/COSMIC/adl_proam_r34_extended.7z
adl_proam_rtr_extended,ADL-RealiSim HQ,COSMIC,adl_proam_rtr_extended.7z,129.8,Assetto Corsa/Cars/ADL-RealiSim HQ/COSMIC/adl_proam_rtr_extended.7z
adl_proam_s13_extended,ADL-RealiSim HQ,COSMIC,adl_proam_s13_extended.7z,198.2,Assetto Corsa/Cars/ADL-RealiSim HQ/COSMIC/adl_proam_s13_extended.7z
adl_proam_s14_extended,ADL-RealiSim HQ,COSMIC,adl_proam_s14_extended.7z,87.8,Assetto Corsa/Cars/ADL-RealiSim HQ/COSMIC/adl_proam_s14_extended.7z
adl_proam_s15_extended,ADL-RealiSim HQ,COSMIC,adl_proam_s15_extended.7z,107.4,Assetto Corsa/Cars/ADL-RealiSim HQ/COSMIC/adl_proam_s15_extended.7z
adl_proam_sn95_extended,ADL-RealiSim HQ,COSMIC,adl_proam_sn95_extended.7z,123.5,Assetto Corsa/Cars/ADL-RealiSim HQ/COSMIC/adl_proam_sn95_extended.7z
adl_proam_ws6_extended,ADL-RealiSim HQ,COSMIC,adl_proam_ws6_extended.7z,104.5,Assetto Corsa/Cars/ADL-RealiSim HQ/COSMIC/adl_proam_ws6_extended.7z
ADL+,ADL-RealiSim HQ,Extended,ADL+.7z,13.1,Assetto Corsa/Cars/ADL-RealiSim HQ/Extended/ADL+.7z
adl_proam_1m_RealiSimHQ,ADL-RealiSim HQ,Extended,adl_proam_1m_RealiSimHQ.7z,107.6,Assetto Corsa/Cars/ADL-RealiSim HQ/Extended/adl_proam_1m_RealiSimHQ.7z
adl_proam_e36_RealiSimHQ,ADL-RealiSim HQ,Extended,adl_proam_e36_RealiSimHQ.7z,103.8,Assetto Corsa/Cars/ADL-RealiSim HQ/Extended/adl_proam_e36_RealiSimHQ.7z
adl_proam_e36_extended,ADL-RealiSim HQ,Extended,adl_proam_e36_extended.7z,42.4,Assetto Corsa/Cars/ADL-RealiSim HQ/Extended/adl_proam_e36_extended.7z
X10DD.Battle-Honda_Civic_ek9,Initial D,,X10DD.Battle-Honda_Civic_ek9.7z,63.6,Assetto Corsa/Cars/Initial D/X10DD.Battle-Honda_Civic_ek9.7z
X10DD.Battle-Honda_S2000,Initial D,,X10DD.Battle-Honda_S2000.7z,51.8,Assetto Corsa/Cars/Initial D/X10DD.Battle-Honda_S2000.7z
X10DD.Battle-Honda_civic_eg6_,Initial D,,X10DD.Battle-Honda_civic_eg6_.7z,91.8,Assetto Corsa/Cars/Initial D/X10DD.Battle-Honda_civic_eg6_.7z
X10DD.Battle-Mazda_Miata,Initial D,,X10DD.Battle-Mazda_Miata.7z,69.8,Assetto Corsa/Cars/Initial D/X10DD.Battle-Mazda_Miata.7z
X10DD.Battle-Mazda_RX-7_FD3S,Initial D,,X10DD.Battle-Mazda_RX-7_FD3S.7z,52.4,Assetto Corsa/Cars/Initial D/X10DD.Battle-Mazda_RX-7_FD3S.7z
X10DD.Battle-Mazda_RX_7_FC_GTX,Initial D,,X10DD.Battle-Mazda_RX_7_FC_GTX.7z,56.9,Assetto Corsa/Cars/Initial D/X10DD.Battle-Mazda_RX_7_FC_GTX.7z
X10DD.Battle-Mitsubishi_Evo_3,Initial D,,X10DD.Battle-Mitsubishi_Evo_3.7z,59.4,Assetto Corsa/Cars/Initial D/X10DD.Battle-Mitsubishi_Evo_3.7z
X10DD.Battle-Nissan Silvia S13,Initial D,,X10DD.Battle-Nissan Silvia S13.7z,30.5,Assetto Corsa/Cars/Initial D/X10DD.Battle-Nissan Silvia S13.7z
X10DD.Battle-Nissan_Sil80,Initial D,,X10DD.Battle-Nissan_Sil80.7z,21.5,Assetto Corsa/Cars/Initial D/X10DD.Battle-Nissan_Sil80.7z
X10DD.Battle-Nissan_Skyline_gtr32,Initial D,,X10DD.Battle-Nissan_Skyline_gtr32.7z,79.9,Assetto Corsa/Cars/Initial D/X10DD.Battle-Nissan_Skyline_gtr32.7z
X10DD.Battle-Subaru WRX STi,Initial D,,X10DD.Battle-Subaru WRX STi.7z,72.4,Assetto Corsa/Cars/Initial D/X10DD.Battle-Subaru WRX STi.7z
X10DD.Battle-Suzuki_Cappuccino,Initial D,,X10DD.Battle-Suzuki_Cappuccino.7z,53.9,Assetto Corsa/Cars/Initial D/X10DD.Battle-Suzuki_Cappuccino.7z
X10DD.Battle-Toyota AE86 Trueno,Initial D,,X10DD.Battle-Toyota AE86 Trueno.7z,29.8,Assetto Corsa/Cars/Initial D/X10DD.Battle-Toyota AE86 Trueno.7z
f2_tecno,Initial D,,f2_tecno.7z,72.5,Assetto Corsa/Cars/Initial D/f2_tecno.7z
ek_akina,Initial D,Tracks X10DD,ek_akina.7z,309.6,Assetto Corsa/Cars/Initial D/Tracks X10DD/ek_akina.7z
ek_irohazaka,Initial D,Tracks X10DD,ek_irohazaka.7z,288.1,Assetto Corsa/Cars/Initial D/Tracks X10DD/ek_irohazaka.7z
pk_akina,Initial D,Tracks X10DD,pk_akina.7z,328.0,Assetto Corsa/Cars/Initial D/Tracks X10DD/pk_akina.7z
pk_irohazaka,Initial D,Tracks X10DD,pk_irohazaka.7z,322.0,Assetto Corsa/Cars/Initial D/Tracks X10DD/pk_irohazaka.7z
pk_usui_touge,Initial D,Tracks X10DD,pk_usui_touge.7z,339.0,Assetto Corsa/Cars/Initial D/Tracks X10DD/pk_usui_touge.7z
IUSD-Ford_Mustang_LX,Initial U$D,,IUSD-Ford_Mustang_LX.7z,90.9,Assetto Corsa/Cars/Initial U$D/IUSD-Ford_Mustang_LX.7z
2sloww_Hayabusa,JDAM,,2sloww_Hayabusa.7z,69.5,Assetto Corsa/Cars/JDAM/2sloww_Hayabusa.7z
JDAM-BMW_E36_Compact,JDAM,,JDAM-BMW_E36_Compact.7z,65.7,Assetto Corsa/Cars/JDAM/JDAM-BMW_E36_Compact.7z
JDAM-Mazda_Miata_Turbo,JDAM,,JDAM-Mazda_Miata_Turbo.7z,76.1,Assetto Corsa/Cars/JDAM/JDAM-Mazda_Miata_Turbo.7z
JDAM-Nissan Skyline GT-R34,JDAM,,JDAM-Nissan Skyline GT-R34.7z,154.7,Assetto Corsa/Cars/JDAM/JDAM-Nissan Skyline GT-R34.7z
JDAM-Nissan_350z,JDAM,,JDAM-Nissan_350z.7z,31.9,Assetto Corsa/Cars/JDAM/JDAM-Nissan_350z.7z
JDAM-Nissan_S13,JDAM,,JDAM-Nissan_S13.7z,84.3,Assetto Corsa/Cars/JDAM/JDAM-Nissan_S13.7z
JDAM-Toyota_JZX90,JDAM,,JDAM-Toyota_JZX90.7z,505.9,Assetto Corsa/Cars/JDAM/JDAM-Toyota_JZX90.7z
JDAM_Ford_Foxbody,JDAM,,JDAM_Ford_Foxbody.7z,115.2,Assetto Corsa/Cars/JDAM/JDAM_Ford_Foxbody.7z
JDAM_Lada_RB,JDAM,,JDAM_Lada_RB.7z,34.9,Assetto Corsa/Cars/JDAM/JDAM_Lada_RB.7z
JDAM_Lexus_SC300,JDAM,,JDAM_Lexus_SC300.7z,83.5,Assetto Corsa/Cars/JDAM/JDAM_Lexus_SC300.7z
JDAM_Nissan_S14,JDAM,,JDAM_Nissan_S14.7z,73.1,Assetto Corsa/Cars/JDAM/JDAM_Nissan_S14.7z
JDAM_Toyota_AE86,JDAM,,JDAM_Toyota_AE86.7z,33.4,Assetto Corsa/Cars/JDAM/JDAM_Toyota_AE86.7z
hhrc_darks_jzx100_missile,JDAM,,hhrc_darks_jzx100_missile.7z,197.0,Assetto Corsa/Cars/JDAM/hhrc_darks_jzx100_missile.7z
parts,JDAM,,parts.7z,1194.5,Assetto Corsa/Cars/JDAM/parts.7z
tky_harley_davidson,JDAM,,tky_harley_davidson.7z,15.6,Assetto Corsa/Cars/JDAM/tky_harley_davidson.7z
LVL-240_55Deg-Acura_NSX,L.E.V.E.L.,240HP／55Deg,LVL-240_55Deg-Acura_NSX.7z,111.4,Assetto Corsa/Cars/L.E.V.E.L./240HP／55Deg/LVL-240_55Deg-Acura_NSX.7z
LVL-240_55Deg-BMW_E30_M3,L.E.V.E.L.,240HP／55Deg,LVL-240_55Deg-BMW_E30_M3.7z,97.9,Assetto Corsa/Cars/L.E.V.E.L./240HP／55Deg/LVL-240_55Deg-BMW_E30_M3.7z
LVL-240_55Deg-BMW_E36_Compact,L.E.V.E.L.,240HP／55Deg,LVL-240_55Deg-BMW_E36_Compact.7z,363.5,Assetto Corsa/Cars/L.E.V.E.L./240HP／55Deg/LVL-240_55Deg-BMW_E36_Compact.7z
LVL-240_55Deg-BMW_E46_M3,L.E.V.E.L.,240HP／55Deg,LVL-240_55Deg-BMW_E46_M3.7z,110.4,Assetto Corsa/Cars/L.E.V.E.L./240HP／55Deg/LVL-240_55Deg-BMW_E46_M3.7z
LVL-240_55Deg-BMW_M3_E36,L.E.V.E.L.,240HP／55Deg,LVL-240_55Deg-BMW_M3_E36.7z,108.3,Assetto Corsa/Cars/L.E.V.E.L./240HP／55Deg/LVL-240_55Deg-BMW_M3_E36.7z
LVL-240_55Deg-Chevrolet_Corvette_C6,L.E.V.E.L.,240HP／55Deg,LVL-240_55Deg-Chevrolet_Corvette_C6.7z,237.5,Assetto Corsa/Cars/L.E.V.E.L./240HP／55Deg/LVL-240_55Deg-Chevrolet_Corvette_C6.7z
LVL-240_55Deg-Chevy_Corvette_C4,L.E.V.E.L.,240HP／55Deg,LVL-240_55Deg-Chevy_Corvette_C4.7z,107.0,Assetto Corsa/Cars/L.E.V.E.L./240HP／55Deg/LVL-240_55Deg-Chevy_Corvette_C4.7z
LVL-240_55Deg-Corvette_C5,L.E.V.E.L.,240HP／55Deg,LVL-240_55Deg-Corvette_C5.7z,159.5,Assetto Corsa/Cars/L.E.V.E.L./240HP／55Deg/LVL-240_55Deg-Corvette_C5.7z
LVL-240_55Deg-Ford_Mustang_Fox,L.E.V.E.L.,240HP／55Deg,LVL-240_55Deg-Ford_Mustang_Fox.7z,144.1,Assetto Corsa/Cars/L.E.V.E.L./240HP／55Deg/LVL-240_55Deg-Ford_Mustang_Fox.7z
LVL-240_55Deg-Ford_Mustang_S197,L.E.V.E.L.,240HP／55Deg,LVL-240_55Deg-Ford_Mustang_S197.7z,141.9,Assetto Corsa/Cars/L.E.V.E.L./240HP／55Deg/LVL-240_55Deg-Ford_Mustang_S197.7z
LVL-240_55Deg-Ford_Mustang_S650,L.E.V.E.L.,240HP／55Deg,LVL-240_55Deg-Ford_Mustang_S650.7z,181.1,Assetto Corsa/Cars/L.E.V.E.L./240HP／55Deg/LVL-240_55Deg-Ford_Mustang_S650.7z
LVL-240_55Deg-Ford_Mustang_SN95,L.E.V.E.L.,240HP／55Deg,LVL-240_55Deg-Ford_Mustang_SN95.7z,124.0,Assetto Corsa/Cars/L.E.V.E.L./240HP／55Deg/LVL-240_55Deg-Ford_Mustang_SN95.7z
LVL-240_55Deg-Honda_S2000,L.E.V.E.L.,240HP／55Deg,LVL-240_55Deg-Honda_S2000.7z,113.7,Assetto Corsa/Cars/L.E.V.E.L./240HP／55Deg/LVL-240_55Deg-Honda_S2000.7z
LVL-240_55Deg-Infinity_G35,L.E.V.E.L.,240HP／55Deg,LVL-240_55Deg-Infinity_G35.7z,147.6,Assetto Corsa/Cars/L.E.V.E.L./240HP／55Deg/LVL-240_55Deg-Infinity_G35.7z
LVL-240_55Deg-Lexus_GS300,L.E.V.E.L.,240HP／55Deg,LVL-240_55Deg-Lexus_GS300.7z,151.7,Assetto Corsa/Cars/L.E.V.E.L./240HP／55Deg/LVL-240_55Deg-Lexus_GS300.7z
LVL-240_55Deg-Mazda_RX7_FD3S,L.E.V.E.L.,240HP／55Deg,LVL-240_55Deg-Mazda_RX7_FD3S.7z,102.6,Assetto Corsa/Cars/L.E.V.E.L./240HP／55Deg/LVL-240_55Deg-Mazda_RX7_FD3S.7z
LVL-240_55Deg-Nissan_180SX,L.E.V.E.L.,240HP／55Deg,LVL-240_55Deg-Nissan_180SX.7z,183.7,Assetto Corsa/Cars/L.E.V.E.L./240HP／55Deg/LVL-240_55Deg-Nissan_180SX.7z
LVL-240_55Deg-Nissan_240SX,L.E.V.E.L.,240HP／55Deg,LVL-240_55Deg-Nissan_240SX.7z,110.2,Assetto Corsa/Cars/L.E.V.E.L./240HP／55Deg/LVL-240_55Deg-Nissan_240SX.7z
LVL-240_55Deg-Nissan_350z,L.E.V.E.L.,240HP／55Deg,LVL-240_55Deg-Nissan_350z.7z,97.3,Assetto Corsa/Cars/L.E.V.E.L./240HP／55Deg/LVL-240_55Deg-Nissan_350z.7z
LVL-240_55Deg-Nissan_370z,L.E.V.E.L.,240HP／55Deg,LVL-240_55Deg-Nissan_370z.7z,90.5,Assetto Corsa/Cars/L.E.V.E.L./240HP／55Deg/LVL-240_55Deg-Nissan_370z.7z
LVL-240_55Deg-Nissan_R31,L.E.V.E.L.,240HP／55Deg,LVL-240_55Deg-Nissan_R31.7z,137.5,Assetto Corsa/Cars/L.E.V.E.L./240HP／55Deg/LVL-240_55Deg-Nissan_R31.7z
LVL-240_55Deg-Nissan_R32,L.E.V.E.L.,240HP／55Deg,LVL-240_55Deg-Nissan_R32.7z,108.9,Assetto Corsa/Cars/L.E.V.E.L./240HP／55Deg/LVL-240_55Deg-Nissan_R32.7z
LVL-240_55Deg-Nissan_S13,L.E.V.E.L.,240HP／55Deg,LVL-240_55Deg-Nissan_S13.7z,148.4,Assetto Corsa/Cars/L.E.V.E.L./240HP／55Deg/LVL-240_55Deg-Nissan_S13.7z
LVL-240_55Deg-Nissan_S14,L.E.V.E.L.,240HP／55Deg,LVL-240_55Deg-Nissan_S14.7z,106.9,Assetto Corsa/Cars/L.E.V.E.L./240HP／55Deg/LVL-240_55Deg-Nissan_S14.7z
LVL-240_55Deg-Nissan_S15,L.E.V.E.L.,240HP／55Deg,LVL-240_55Deg-Nissan_S15.7z,147.0,Assetto Corsa/Cars/L.E.V.E.L./240HP／55Deg/LVL-240_55Deg-Nissan_S15.7z
LVL-240_55Deg-Pontiac_Solstice,L.E.V.E.L.,240HP／55Deg,LVL-240_55Deg-Pontiac_Solstice.7z,114.9,Assetto Corsa/Cars/L.E.V.E.L./240HP／55Deg/LVL-240_55Deg-Pontiac_Solstice.7z
LVL-240_55Deg-RX7_FC3S,L.E.V.E.L.,240HP／55Deg,LVL-240_55Deg-RX7_FC3S.7z,82.0,Assetto Corsa/Cars/L.E.V.E.L./240HP／55Deg/LVL-240_55Deg-RX7_FC3S.7z
LVL-240_55Deg-Scion_TC,L.E.V.E.L.,240HP／55Deg,LVL-240_55Deg-Scion_TC.7z,266.8,Assetto Corsa/Cars/L.E.V.E.L./240HP／55Deg/LVL-240_55Deg-Scion_TC.7z
LVL-240_55Deg-Toyota JZX100,L.E.V.E.L.,240HP／55Deg,LVL-240_55Deg-Toyota JZX100.7z,127.8,Assetto Corsa/Cars/L.E.V.E.L./240HP／55Deg/LVL-240_55Deg-Toyota JZX100.7z
LVL-240_55Deg-Toyota-Supra_A90,L.E.V.E.L.,240HP／55Deg,LVL-240_55Deg-Toyota-Supra_A90.7z,143.3,Assetto Corsa/Cars/L.E.V.E.L./240HP／55Deg/LVL-240_55Deg-Toyota-Supra_A90.7z
LVL-240_55Deg-Toyota_AE86,L.E.V.E.L.,240HP／55Deg,LVL-240_55Deg-Toyota_AE86.7z,104.9,Assetto Corsa/Cars/L.E.V.E.L./240HP／55Deg/LVL-240_55Deg-Toyota_AE86.7z
LVL-240_55Deg-Toyota_Altezza,L.E.V.E.L.,240HP／55Deg,LVL-240_55Deg-Toyota_Altezza.7z,95.0,Assetto Corsa/Cars/L.E.V.E.L./240HP／55Deg/LVL-240_55Deg-Toyota_Altezza.7z
LVL-240_55Deg-Toyota_GR86,L.E.V.E.L.,240HP／55Deg,LVL-240_55Deg-Toyota_GR86.7z,218.2,Assetto Corsa/Cars/L.E.V.E.L./240HP／55Deg/LVL-240_55Deg-Toyota_GR86.7z
LVL-240_55Deg-Toyota_GT86,L.E.V.E.L.,240HP／55Deg,LVL-240_55Deg-Toyota_GT86.7z,146.4,Assetto Corsa/Cars/L.E.V.E.L./240HP／55Deg/LVL-240_55Deg-Toyota_GT86.7z
LVL-240_55Deg-Toyota_JZX90,L.E.V.E.L.,240HP／55Deg,LVL-240_55Deg-Toyota_JZX90.7z,162.7,Assetto Corsa/Cars/L.E.V.E.L./240HP／55Deg/LVL-240_55Deg-Toyota_JZX90.7z
LVL-250_50Deg-Mazda Miata,L.E.V.E.L.,420HP／70Deg,LVL-250_50Deg-Mazda Miata.7z,197.0,Assetto Corsa/Cars/L.E.V.E.L./420HP／70Deg/LVL-250_50Deg-Mazda Miata.7z
LVL-ADL-BMW_Eurofighter_E36,L.E.V.E.L.,420HP／70Deg,LVL-ADL-BMW_Eurofighter_E36.7z,206.7,Assetto Corsa/Cars/L.E.V.E.L./420HP／70Deg/LVL-ADL-BMW_Eurofighter_E36.7z
LVL-BMW E36 M3,L.E.V.E.L.,420HP／70Deg,LVL-BMW E36 M3.7z,131.3,Assetto Corsa/Cars/L.E.V.E.L./420HP／70Deg/LVL-BMW E36 M3.7z
LVL-BMW_E46,L.E.V.E.L.,420HP／70Deg,LVL-BMW_E46.7z,166.1,Assetto Corsa/Cars/L.E.V.E.L./420HP／70Deg/LVL-BMW_E46.7z
LVL-BMW_M2_F22,L.E.V.E.L.,420HP／70Deg,LVL-BMW_M2_F22.7z,160.2,Assetto Corsa/Cars/L.E.V.E.L./420HP／70Deg/LVL-BMW_M2_F22.7z
LVL-Cadillac_XLR,L.E.V.E.L.,420HP／70Deg,LVL-Cadillac_XLR.7z,135.0,Assetto Corsa/Cars/L.E.V.E.L./420HP／70Deg/LVL-Cadillac_XLR.7z
LVL-Chevy Corvette C7,L.E.V.E.L.,420HP／70Deg,LVL-Chevy Corvette C7.7z,149.5,Assetto Corsa/Cars/L.E.V.E.L./420HP／70Deg/LVL-Chevy Corvette C7.7z
LVL-Dodge Viper,L.E.V.E.L.,420HP／70Deg,LVL-Dodge Viper.7z,100.2,Assetto Corsa/Cars/L.E.V.E.L./420HP／70Deg/LVL-Dodge Viper.7z
LVL-Ford Mustang S197,L.E.V.E.L.,420HP／70Deg,LVL-Ford Mustang S197.7z,156.3,Assetto Corsa/Cars/L.E.V.E.L./420HP／70Deg/LVL-Ford Mustang S197.7z
LVL-Ford_Mustang_RTR_S650,L.E.V.E.L.,420HP／70Deg,LVL-Ford_Mustang_RTR_S650.7z,205.6,Assetto Corsa/Cars/L.E.V.E.L./420HP／70Deg/LVL-Ford_Mustang_RTR_S650.7z
LVL-Honda S2000,L.E.V.E.L.,420HP／70Deg,LVL-Honda S2000.7z,116.8,Assetto Corsa/Cars/L.E.V.E.L./420HP／70Deg/LVL-Honda S2000.7z
LVL-Mazda RX-7 FC3S,L.E.V.E.L.,420HP／70Deg,LVL-Mazda RX-7 FC3S.7z,143.9,Assetto Corsa/Cars/L.E.V.E.L./420HP／70Deg/LVL-Mazda RX-7 FC3S.7z
LVL-Mazda RX7 FD,L.E.V.E.L.,420HP／70Deg,LVL-Mazda RX7 FD.7z,138.7,Assetto Corsa/Cars/L.E.V.E.L./420HP／70Deg/LVL-Mazda RX7 FD.7z
LVL-Mitsubishi Lancer Evo X,L.E.V.E.L.,420HP／70Deg,LVL-Mitsubishi Lancer Evo X.7z,155.4,Assetto Corsa/Cars/L.E.V.E.L./420HP／70Deg/LVL-Mitsubishi Lancer Evo X.7z
LVL-Nissan 350Z,L.E.V.E.L.,420HP／70Deg,LVL-Nissan 350Z.7z,98.1,Assetto Corsa/Cars/L.E.V.E.L./420HP／70Deg/LVL-Nissan 350Z.7z
LVL-Nissan S13,L.E.V.E.L.,420HP／70Deg,LVL-Nissan S13.7z,219.8,Assetto Corsa/Cars/L.E.V.E.L./420HP／70Deg/LVL-Nissan S13.7z
LVL-Nissan S14,L.E.V.E.L.,420HP／70Deg,LVL-Nissan S14.7z,91.6,Assetto Corsa/Cars/L.E.V.E.L./420HP／70Deg/LVL-Nissan S14.7z
LVL-Nissan Z,L.E.V.E.L.,420HP／70Deg,LVL-Nissan Z.7z,142.7,Assetto Corsa/Cars/L.E.V.E.L./420HP／70Deg/LVL-Nissan Z.7z
LVL-Nissan_S14_Boss,L.E.V.E.L.,420HP／70Deg,LVL-Nissan_S14_Boss.7z,150.7,Assetto Corsa/Cars/L.E.V.E.L./420HP／70Deg/LVL-Nissan_S14_Boss.7z
LVL-Nissan_S15_,L.E.V.E.L.,420HP／70Deg,LVL-Nissan_S15_.7z,155.6,Assetto Corsa/Cars/L.E.V.E.L./420HP／70Deg/LVL-Nissan_S15_.7z
LVL-Nissan_Skyline_R34,L.E.V.E.L.,420HP／70Deg,LVL-Nissan_Skyline_R34.7z,154.6,Assetto Corsa/Cars/L.E.V.E.L./420HP／70Deg/LVL-Nissan_Skyline_R34.7z
LVL-Subaru_BRZ,L.E.V.E.L.,420HP／70Deg,LVL-Subaru_BRZ.7z,77.6,Assetto Corsa/Cars/L.E.V.E.L./420HP／70Deg/LVL-Subaru_BRZ.7z
LVL-Toyota A80 Supra,L.E.V.E.L.,420HP／70Deg,LVL-Toyota A80 Supra.7z,140.5,Assetto Corsa/Cars/L.E.V.E.L./420HP／70Deg/LVL-Toyota A80 Supra.7z
LVL-Toyota Aristo,L.E.V.E.L.,420HP／70Deg,LVL-Toyota Aristo.7z,122.4,Assetto Corsa/Cars/L.E.V.E.L./420HP／70Deg/LVL-Toyota Aristo.7z
LVL-Toyota Corolla,L.E.V.E.L.,420HP／70Deg,LVL-Toyota Corolla.7z,149.2,Assetto Corsa/Cars/L.E.V.E.L./420HP／70Deg/LVL-Toyota Corolla.7z
LVL-Toyota Supra A90,L.E.V.E.L.,420HP／70Deg,LVL-Toyota Supra A90.7z,140.0,Assetto Corsa/Cars/L.E.V.E.L./420HP／70Deg/LVL-Toyota Supra A90.7z
LVL-Toyota_GR_86,L.E.V.E.L.,420HP／70Deg,LVL-Toyota_GR_86.7z,121.2,Assetto Corsa/Cars/L.E.V.E.L./420HP／70Deg/LVL-Toyota_GR_86.7z
LVL420-Chevy Corvette C6,L.E.V.E.L.,420HP／70Deg,LVL420-Chevy Corvette C6.7z,121.4,Assetto Corsa/Cars/L.E.V.E.L./420HP／70Deg/LVL420-Chevy Corvette C6.7z
LVL-Teslide,L.E.V.E.L.,Extra Cars,LVL-Teslide.7z,148.4,Assetto Corsa/Cars/L.E.V.E.L./Extra Cars/LVL-Teslide.7z
-Ai.5O-Ford Interceptor,Police,,-Ai.5O-Ford Interceptor.7z,34.2,Assetto Corsa/Cars/Police/-Ai.5O-Ford Interceptor.7z
-Ai.5O-Nissan Skyline R32,Police,,-Ai.5O-Nissan Skyline R32.7z,35.8,Assetto Corsa/Cars/Police/-Ai.5O-Nissan Skyline R32.7z
PDP_Ford Crown Vic Stage 1,Police,,PDP_Ford Crown Vic Stage 1.7z,56.8,Assetto Corsa/Cars/Police/PDP_Ford Crown Vic Stage 1.7z
f2_tecno,RallyCross,,f2_tecno.7z,287.9,Assetto Corsa/Cars/RallyCross/f2_tecno.7z
LVL-Mini MonsterTruck AWD,RallyCross,Busa Trucks,LVL-Mini MonsterTruck AWD.7z,110.9,Assetto Corsa/Cars/RallyCross/Busa Trucks/LVL-Mini MonsterTruck AWD.7z
LVL-Mini Truck Kawasaki ZX-14R,RallyCross,Busa Trucks,LVL-Mini Truck Kawasaki ZX-14R.7z,116.8,Assetto Corsa/Cars/RallyCross/Busa Trucks/LVL-Mini Truck Kawasaki ZX-14R.7z
LVL-Mini Truck Suzuki Hayabusa,RallyCross,Busa Trucks,LVL-Mini Truck Suzuki Hayabusa.7z,122.6,Assetto Corsa/Cars/RallyCross/Busa Trucks/LVL-Mini Truck Suzuki Hayabusa.7z
LVL-Mini Truck Yamaha R7,RallyCross,Busa Trucks,LVL-Mini Truck Yamaha R7.7z,84.3,Assetto Corsa/Cars/RallyCross/Busa Trucks/LVL-Mini Truck Yamaha R7.7z
LVL-Mini Truck_Honda_CBR1000R,RallyCross,Busa Trucks,LVL-Mini Truck_Honda_CBR1000R.7z,108.2,Assetto Corsa/Cars/RallyCross/Busa Trucks/LVL-Mini Truck_Honda_CBR1000R.7z
LVLGR8_Delta_S4,RallyCross,LVL-GR8,LVLGR8_Delta_S4.7z,67.3,Assetto Corsa/Cars/RallyCross/LVL-GR8/LVLGR8_Delta_S4.7z
LVLGR8_Ford_RS200,RallyCross,LVL-GR8,LVLGR8_Ford_RS200.7z,63.1,Assetto Corsa/Cars/RallyCross/LVL-GR8/LVLGR8_Ford_RS200.7z
LVLGR8_MG_Metro6R4,RallyCross,LVL-GR8,LVLGR8_MG_Metro6R4.7z,72.0,Assetto Corsa/Cars/RallyCross/LVL-GR8/LVLGR8_MG_Metro6R4.7z
LVLGR8_Peugeot_205_T16_Evo2,RallyCross,LVL-GR8,LVLGR8_Peugeot_205_T16_Evo2.7z,69.3,Assetto Corsa/Cars/RallyCross/LVL-GR8/LVLGR8_Peugeot_205_T16_Evo2.7z
LVLGR8_Porsche_959,RallyCross,LVL-GR8,LVLGR8_Porsche_959.7z,53.4,Assetto Corsa/Cars/RallyCross/LVL-GR8/LVLGR8_Porsche_959.7z
LVLRX_Ford_Focus,RallyCross,LVL-RX,LVLRX_Ford_Focus.7z,79.2,Assetto Corsa/Cars/RallyCross/LVL-RX/LVLRX_Ford_Focus.7z
LVLRX_Ford_RS200_EVO,RallyCross,LVL-RX,LVLRX_Ford_RS200_EVO.7z,46.7,Assetto Corsa/Cars/RallyCross/LVL-RX/LVLRX_Ford_RS200_EVO.7z
LVLRX_Subaru_Impreza,RallyCross,LVL-RX,LVLRX_Subaru_Impreza.7z,57.3,Assetto Corsa/Cars/RallyCross/LVL-RX/LVLRX_Subaru_Impreza.7z
LAWD-Exobuggy,RallyCross,RX Style Fun Cars,LAWD-Exobuggy.7z,70.8,Assetto Corsa/Cars/RallyCross/RX Style Fun Cars/LAWD-Exobuggy.7z
axfor_camotos_r6,RallyCross,RX Style Fun Cars,axfor_camotos_r6.7z,101.5,Assetto Corsa/Cars/RallyCross/RX Style Fun Cars/axfor_camotos_r6.7z
ac_gymkhana,RallyCross,TRACKS,ac_gymkhana.7z,300.0,Assetto Corsa/Cars/RallyCross/TRACKS/ac_gymkhana.7z
rmi_sherbetland,RallyCross,TRACKS/Mario cart,rmi_sherbetland.7z,12.6,Assetto Corsa/Cars/RallyCross/TRACKS/Mario cart/rmi_sherbetland.7z
yoshi_village,RallyCross,TRACKS/Mario cart,yoshi_village.7z,26.3,Assetto Corsa/Cars/RallyCross/TRACKS/Mario cart/yoshi_village.7z
Monaco_Rallycross_DiRT3,RallyCross,TRACKS/RallyCross,Monaco_Rallycross_DiRT3.7z,47.9,Assetto Corsa/Cars/RallyCross/TRACKS/RallyCross/Monaco_Rallycross_DiRT3.7z
RX_blackwood,RallyCross,TRACKS/RallyCross,RX_blackwood.7z,96.3,Assetto Corsa/Cars/RallyCross/TRACKS/RallyCross/RX_blackwood.7z
RX_holjes,RallyCross,TRACKS/RallyCross,RX_holjes.7z,66.2,Assetto Corsa/Cars/RallyCross/TRACKS/RallyCross/RX_holjes.7z
RX_shibuya,RallyCross,TRACKS/RallyCross,RX_shibuya.7z,41.4,Assetto Corsa/Cars/RallyCross/TRACKS/RallyCross/RX_shibuya.7z
battersea,RallyCross,TRACKS/RallyCross,battersea.7z,56.3,Assetto Corsa/Cars/RallyCross/TRACKS/RallyCross/battersea.7z
hell_rallyx,RallyCross,TRACKS/RallyCross,hell_rallyx.7z,198.4,Assetto Corsa/Cars/RallyCross/TRACKS/RallyCross/hell_rallyx.7z
rmi_dirt2_battersea,RallyCross,TRACKS/RallyCross,rmi_dirt2_battersea.7z,56.9,Assetto Corsa/Cars/RallyCross/TRACKS/RallyCross/rmi_dirt2_battersea.7z
tykkimaki_kouvola,RallyCross,TRACKS/RallyCross,tykkimaki_kouvola.7z,156.3,Assetto Corsa/Cars/RallyCross/TRACKS/RallyCross/tykkimaki_kouvola.7z
Chase Bays x Grip Royal,RealiSimHQ Parts,,Chase Bays x Grip Royal.7z,37.4,Assetto Corsa/Cars/RealiSimHQ Parts/Chase Bays x Grip Royal.7z
parts,RealiSimHQ Parts,,parts.7z,561.7,Assetto Corsa/Cars/RealiSimHQ Parts/parts.7z
TANDEM-BMW_E30,T.A.N.D.E.M.,,TANDEM-BMW_E30.7z,116.2,Assetto Corsa/Cars/T.A.N.D.E.M./TANDEM-BMW_E30.7z
TANDEM-BMW_E36_M3,T.A.N.D.E.M.,,TANDEM-BMW_E36_M3.7z,134.6,Assetto Corsa/Cars/T.A.N.D.E.M./TANDEM-BMW_E36_M3.7z
TANDEM-BMW_E36_Sm,T.A.N.D.E.M.,,TANDEM-BMW_E36_Sm.7z,165.7,Assetto Corsa/Cars/T.A.N.D.E.M./TANDEM-BMW_E36_Sm.7z
TANDEM-BMW_E46_M3,T.A.N.D.E.M.,,TANDEM-BMW_E46_M3.7z,191.2,Assetto Corsa/Cars/T.A.N.D.E.M./TANDEM-BMW_E46_M3.7z
TANDEM-Chevrolet_Corvette_C6,T.A.N.D.E.M.,,TANDEM-Chevrolet_Corvette_C6.7z,224.6,Assetto Corsa/Cars/T.A.N.D.E.M./TANDEM-Chevrolet_Corvette_C6.7z
TANDEM-Chevy Camaro,T.A.N.D.E.M.,,TANDEM-Chevy Camaro.7z,120.6,Assetto Corsa/Cars/T.A.N.D.E.M./TANDEM-Chevy Camaro.7z
TANDEM-Chevy_Corvette_C5,T.A.N.D.E.M.,,TANDEM-Chevy_Corvette_C5.7z,164.8,Assetto Corsa/Cars/T.A.N.D.E.M./TANDEM-Chevy_Corvette_C5.7z
TANDEM-Ford Skystang,T.A.N.D.E.M.,,TANDEM-Ford Skystang.7z,140.3,Assetto Corsa/Cars/T.A.N.D.E.M./TANDEM-Ford Skystang.7z
TANDEM-Ford_Mustang.RTR,T.A.N.D.E.M.,,TANDEM-Ford_Mustang.RTR.7z,128.2,Assetto Corsa/Cars/T.A.N.D.E.M./TANDEM-Ford_Mustang.RTR.7z
TANDEM-Ford_Mustang_Fox,T.A.N.D.E.M.,,TANDEM-Ford_Mustang_Fox.7z,213.2,Assetto Corsa/Cars/T.A.N.D.E.M./TANDEM-Ford_Mustang_Fox.7z
TANDEM-Ford_Mustang_S197,T.A.N.D.E.M.,,TANDEM-Ford_Mustang_S197.7z,147.7,Assetto Corsa/Cars/T.A.N.D.E.M./TANDEM-Ford_Mustang_S197.7z
TANDEM-Ford_Mustang_SN95,T.A.N.D.E.M.,,TANDEM-Ford_Mustang_SN95.7z,167.5,Assetto Corsa/Cars/T.A.N.D.E.M./TANDEM-Ford_Mustang_SN95.7z
TANDEM-Ford_Mustang_SN95.1,T.A.N.D.E.M.,,TANDEM-Ford_Mustang_SN95.1.7z,139.6,Assetto Corsa/Cars/T.A.N.D.E.M./TANDEM-Ford_Mustang_SN95.1.7z
TANDEM-Infiniti_G35,T.A.N.D.E.M.,,TANDEM-Infiniti_G35.7z,88.6,Assetto Corsa/Cars/T.A.N.D.E.M./TANDEM-Infiniti_G35.7z
TANDEM-Mazda Miata,T.A.N.D.E.M.,,TANDEM-Mazda Miata.7z,171.9,Assetto Corsa/Cars/T.A.N.D.E.M./TANDEM-Mazda Miata.7z
TANDEM-Mazda_RX-7_FC,T.A.N.D.E.M.,,TANDEM-Mazda_RX-7_FC.7z,155.7,Assetto Corsa/Cars/T.A.N.D.E.M./TANDEM-Mazda_RX-7_FC.7z
TANDEM-Mazda_RX7_FD,T.A.N.D.E.M.,,TANDEM-Mazda_RX7_FD.7z,125.0,Assetto Corsa/Cars/T.A.N.D.E.M./TANDEM-Mazda_RX7_FD.7z
TANDEM-Nissan Onevia S13,T.A.N.D.E.M.,,TANDEM-Nissan Onevia S13.7z,158.2,Assetto Corsa/Cars/T.A.N.D.E.M./TANDEM-Nissan Onevia S13.7z
TANDEM-Nissan S15,T.A.N.D.E.M.,,TANDEM-Nissan S15.7z,159.4,Assetto Corsa/Cars/T.A.N.D.E.M./TANDEM-Nissan S15.7z
TANDEM-Nissan_180SX,T.A.N.D.E.M.,,TANDEM-Nissan_180SX.7z,103.5,Assetto Corsa/Cars/T.A.N.D.E.M./TANDEM-Nissan_180SX.7z
TANDEM-Nissan_240SX,T.A.N.D.E.M.,,TANDEM-Nissan_240SX.7z,168.9,Assetto Corsa/Cars/T.A.N.D.E.M./TANDEM-Nissan_240SX.7z
TANDEM-Nissan_300ZX,T.A.N.D.E.M.,,TANDEM-Nissan_300ZX.7z,120.5,Assetto Corsa/Cars/T.A.N.D.E.M./TANDEM-Nissan_300ZX.7z
TANDEM-Nissan_350_z,T.A.N.D.E.M.,,TANDEM-Nissan_350_z.7z,122.6,Assetto Corsa/Cars/T.A.N.D.E.M./TANDEM-Nissan_350_z.7z
TANDEM-Nissan_R32,T.A.N.D.E.M.,,TANDEM-Nissan_R32.7z,143.0,Assetto Corsa/Cars/T.A.N.D.E.M./TANDEM-Nissan_R32.7z
TANDEM-Nissan_R33,T.A.N.D.E.M.,,TANDEM-Nissan_R33.7z,124.1,Assetto Corsa/Cars/T.A.N.D.E.M./TANDEM-Nissan_R33.7z
TANDEM-Nissan_S13,T.A.N.D.E.M.,,TANDEM-Nissan_S13.7z,129.5,Assetto Corsa/Cars/T.A.N.D.E.M./TANDEM-Nissan_S13.7z
TANDEM-Nissan_S14,T.A.N.D.E.M.,,TANDEM-Nissan_S14.7z,99.5,Assetto Corsa/Cars/T.A.N.D.E.M./TANDEM-Nissan_S14.7z
TANDEM-Toyota_AE86_Levin,T.A.N.D.E.M.,,TANDEM-Toyota_AE86_Levin.7z,194.3,Assetto Corsa/Cars/T.A.N.D.E.M./TANDEM-Toyota_AE86_Levin.7z
TANDEM-Toyota_GT86_,T.A.N.D.E.M.,,TANDEM-Toyota_GT86_.7z,109.4,Assetto Corsa/Cars/T.A.N.D.E.M./TANDEM-Toyota_GT86_.7z
TANDEM-Toyota_Mark_JZX100,T.A.N.D.E.M.,,TANDEM-Toyota_Mark_JZX100.7z,145.8,Assetto Corsa/Cars/T.A.N.D.E.M./TANDEM-Toyota_Mark_JZX100.7z
TANDEM-Toyota_Supra_A80,T.A.N.D.E.M.,,TANDEM-Toyota_Supra_A80.7z,115.5,Assetto Corsa/Cars/T.A.N.D.E.M./TANDEM-Toyota_Supra_A80.7z
TANDEM-Toyota_Supra_A90,T.A.N.D.E.M.,,TANDEM-Toyota_Supra_A90.7z,136.9,Assetto Corsa/Cars/T.A.N.D.E.M./TANDEM-Toyota_Supra_A90.7z
_TANDEM_Patch v2.09.02_,T.A.N.D.E.M.,Pack,_TANDEM_Patch v2.09.02_.7z,406.3,Assetto Corsa/Cars/T.A.N.D.E.M./Pack/_TANDEM_Patch v2.09.02_.7z
TAP-BMW_E36_Compact,TAP,,TAP-BMW_E36_Compact.7z,61.5,Assetto Corsa/Cars/TAP/TAP-BMW_E36_Compact.7z
TAP-BMW_E46,TAP,,TAP-BMW_E46.7z,124.6,Assetto Corsa/Cars/TAP/TAP-BMW_E46.7z
TAP-BMW_E46_Wagon,TAP,,TAP-BMW_E46_Wagon.7z,124.1,Assetto Corsa/Cars/TAP/TAP-BMW_E46_Wagon.7z
TAP-Chevy_Corvette_C6,TAP,,TAP-Chevy_Corvette_C6.7z,112.7,Assetto Corsa/Cars/TAP/TAP-Chevy_Corvette_C6.7z
TAP-Ford_Foxbody,TAP,,TAP-Ford_Foxbody.7z,117.2,Assetto Corsa/Cars/TAP/TAP-Ford_Foxbody.7z
TAP-Mazda_Miata,TAP,,TAP-Mazda_Miata.7z,77.1,Assetto Corsa/Cars/TAP/TAP-Mazda_Miata.7z
TAP-Nissan_200SX,TAP,,TAP-Nissan_200SX.7z,61.5,Assetto Corsa/Cars/TAP/TAP-Nissan_200SX.7z
TAP-Nissan_240SX,TAP,,TAP-Nissan_240SX.7z,43.5,Assetto Corsa/Cars/TAP/TAP-Nissan_240SX.7z
TAP-Nissan_350Z,TAP,,TAP-Nissan_350Z.7z,60.5,Assetto Corsa/Cars/TAP/TAP-Nissan_350Z.7z
TAP-Nissan_R34,TAP,,TAP-Nissan_R34.7z,46.2,Assetto Corsa/Cars/TAP/TAP-Nissan_R34.7z
TAP-Nissan_S13,TAP,,TAP-Nissan_S13.7z,68.3,Assetto Corsa/Cars/TAP/TAP-Nissan_S13.7z
TAP-Nissan_S14,TAP,,TAP-Nissan_S14.7z,58.1,Assetto Corsa/Cars/TAP/TAP-Nissan_S14.7z
TAP-Nissan_S15,TAP,,TAP-Nissan_S15.7z,29.8,Assetto Corsa/Cars/TAP/TAP-Nissan_S15.7z
TAP-Nissan_Skyline_R32,TAP,,TAP-Nissan_Skyline_R32.7z,140.3,Assetto Corsa/Cars/TAP/TAP-Nissan_Skyline_R32.7z
TAP-Subaru_WRX_Wagon,TAP,,TAP-Subaru_WRX_Wagon.7z,42.8,Assetto Corsa/Cars/TAP/TAP-Subaru_WRX_Wagon.7z
TAP-Toyota_AE86_Levin,TAP,,TAP-Toyota_AE86_Levin.7z,76.4,Assetto Corsa/Cars/TAP/TAP-Toyota_AE86_Levin.7z
TAP-Honda_Civic-SoD,TAP,Commisioned,TAP-Honda_Civic-SoD.7z,99.3,Assetto Corsa/Cars/TAP/Commisioned/TAP-Honda_Civic-SoD.7z
Url_nissan_400z_nismo,TAP,Commisioned,Url_nissan_400z_nismo.7z,385.7,Assetto Corsa/Cars/TAP/Commisioned/Url_nissan_400z_nismo.7z
asw-volkswagen-golf-iv-gti-2001-track,TAP,Commisioned,asw-volkswagen-golf-iv-gti-2001-track.zip,65.0,Assetto Corsa/Cars/TAP/Commisioned/asw-volkswagen-golf-iv-gti-2001-track.zip
TAProot-BMW E46 M3,TAP,TAProots,TAProot-BMW E46 M3.7z,73.1,Assetto Corsa/Cars/TAP/TAProots/TAProot-BMW E46 M3.7z
TAProot-Chevy C6 Z06,TAP,TAProots,TAProot-Chevy C6 Z06.7z,98.9,Assetto Corsa/Cars/TAP/TAProots/TAProot-Chevy C6 Z06.7z
TAProot-Nissan 180SX,TAP,TAProots,TAProot-Nissan 180SX.7z,47.2,Assetto Corsa/Cars/TAP/TAProots/TAProot-Nissan 180SX.7z
TAProot-Nissan S12,TAP,TAProots,TAProot-Nissan S12.7z,82.5,Assetto Corsa/Cars/TAP/TAProots/TAProot-Nissan S12.7z
TAProot-Nissan S13,TAP,TAProots,TAProot-Nissan S13.7z,111.7,Assetto Corsa/Cars/TAP/TAProots/TAProot-Nissan S13.7z
TAProot-Toyota Supra A70,TAP,TAProots,TAProot-Toyota Supra A70.7z,73.9,Assetto Corsa/Cars/TAP/TAProots/TAProot-Toyota Supra A70.7z
JK_Java_bike,Traffic,,JK_Java_bike.7z,51.7,Assetto Corsa/Cars/Traffic/JK_Java_bike.7z
Traffic_Tourer_bike,Traffic,,Traffic_Tourer_bike.7z,38.7,Assetto Corsa/Cars/Traffic/Traffic_Tourer_bike.7z
bmw_s_1000_rr_by_bodysut_swapped_spec,Traffic,,bmw_s_1000_rr_by_bodysut_swapped_spec.7z,82.1,Assetto Corsa/Cars/Traffic/bmw_s_1000_rr_by_bodysut_swapped_spec.7z
pb_gpz900r_enhanced,Traffic,,pb_gpz900r_enhanced.7z,39.7,Assetto Corsa/Cars/Traffic/pb_gpz900r_enhanced.7z
tky_suzuki_skywave,Traffic,,tky_suzuki_skywave.7z,138.3,Assetto Corsa/Cars/Traffic/tky_suzuki_skywave.7z
traffic_audi_a4_jp,Traffic,,traffic_audi_a4_jp.7z,38.3,Assetto Corsa/Cars/Traffic/traffic_audi_a4_jp.7z
traffic_dodge_challenger_srt,Traffic,,traffic_dodge_challenger_srt.7z,30.9,Assetto Corsa/Cars/Traffic/traffic_dodge_challenger_srt.7z
traffic_f&f_truck,Traffic,,traffic_f&f_truck.7z,96.7,Assetto Corsa/Cars/Traffic/traffic_f&f_truck.7z
traffic_isuzu_hauler,Traffic,,traffic_isuzu_hauler.7z,34.5,Assetto Corsa/Cars/Traffic/traffic_isuzu_hauler.7z
traffic_isuzu_npr,Traffic,,traffic_isuzu_npr.7z,30.8,Assetto Corsa/Cars/Traffic/traffic_isuzu_npr.7z
traffic_isuzu_tanker,Traffic,,traffic_isuzu_tanker.7z,30.2,Assetto Corsa/Cars/Traffic/traffic_isuzu_tanker.7z
traffic_toyota_camry,Traffic,,traffic_toyota_camry.7z,25.8,Assetto Corsa/Cars/Traffic/traffic_toyota_camry.7z
traffic_toyota_rav4,Traffic,,traffic_toyota_rav4.7z,26.3,Assetto Corsa/Cars/Traffic/traffic_toyota_rav4.7z
Traffic,Traffic,Motorcycle Touge Traffic,Traffic.7z,351.4,Assetto Corsa/Cars/Traffic/Motorcycle Touge Traffic/Traffic.7z
USD-Chevy_Chevelle_SS,U$D v2,,USD-Chevy_Chevelle_SS.7z,33.1,Assetto Corsa/Cars/U$D v2/USD-Chevy_Chevelle_SS.7z
USD-Chevy_Corvette_C8,U$D v2,,USD-Chevy_Corvette_C8.7z,73.1,Assetto Corsa/Cars/U$D v2/USD-Chevy_Corvette_C8.7z
USD-Dodge Charger 68,U$D v2,,USD-Dodge Charger 68.7z,113.6,Assetto Corsa/Cars/U$D v2/USD-Dodge Charger 68.7z
USD-Ford Mustang Boss 302,U$D v2,,USD-Ford Mustang Boss 302.7z,96.4,Assetto Corsa/Cars/U$D v2/USD-Ford Mustang Boss 302.7z
USD-Ford Mustang Boss 429,U$D v2,,USD-Ford Mustang Boss 429.7z,114.0,Assetto Corsa/Cars/U$D v2/USD-Ford Mustang Boss 429.7z
USD-Ford Mustang Shelby GT500,U$D v2,,USD-Ford Mustang Shelby GT500.7z,112.8,Assetto Corsa/Cars/U$D v2/USD-Ford Mustang Shelby GT500.7z
j8_chevrolet_c8_20,U$D v2,,j8_chevrolet_c8_20.7z,76.1,Assetto Corsa/Cars/U$D v2/j8_chevrolet_c8_20.7z
X10DD.Arch+BMW_E36_Compact,X10DD,00.Arch.X10DD,X10DD.Arch+BMW_E36_Compact.7z,88.3,Assetto Corsa/Cars/X10DD/00.Arch.X10DD/X10DD.Arch+BMW_E36_Compact.7z
X10DD.Arch+BMW_E46_M3,X10DD,00.Arch.X10DD,X10DD.Arch+BMW_E46_M3.7z,110.1,Assetto Corsa/Cars/X10DD/00.Arch.X10DD/X10DD.Arch+BMW_E46_M3.7z
X10DD.Arch+Ford_Mustang_SN95,X10DD,00.Arch.X10DD,X10DD.Arch+Ford_Mustang_SN95.7z,154.6,Assetto Corsa/Cars/X10DD/00.Arch.X10DD/X10DD.Arch+Ford_Mustang_SN95.7z
X10DD.Arch+Mazda_Miata_nb8c,X10DD,00.Arch.X10DD,X10DD.Arch+Mazda_Miata_nb8c.7z,38.3,Assetto Corsa/Cars/X10DD/00.Arch.X10DD/X10DD.Arch+Mazda_Miata_nb8c.7z
X10DD.Arch+Mitsubishi Lancer Evo III GSR,X10DD,00.Arch.X10DD,X10DD.Arch+Mitsubishi Lancer Evo III GSR.7z,63.0,Assetto Corsa/Cars/X10DD/00.Arch.X10DD/X10DD.Arch+Mitsubishi Lancer Evo III GSR.7z
X10DD.Arch+Nissan Skyline R32,X10DD,00.Arch.X10DD,X10DD.Arch+Nissan Skyline R32.7z,92.2,Assetto Corsa/Cars/X10DD/00.Arch.X10DD/X10DD.Arch+Nissan Skyline R32.7z
X10DD.Arch+Nissan_180sx,X10DD,00.Arch.X10DD,X10DD.Arch+Nissan_180sx.7z,79.7,Assetto Corsa/Cars/X10DD/00.Arch.X10DD/X10DD.Arch+Nissan_180sx.7z
X10DD.Arch+Nissan_240SX,X10DD,00.Arch.X10DD,X10DD.Arch+Nissan_240SX.7z,38.6,Assetto Corsa/Cars/X10DD/00.Arch.X10DD/X10DD.Arch+Nissan_240SX.7z
X10DD.Arch+Nissan_350z,X10DD,00.Arch.X10DD,X10DD.Arch+Nissan_350z.7z,49.4,Assetto Corsa/Cars/X10DD/00.Arch.X10DD/X10DD.Arch+Nissan_350z.7z
X10DD.Arch+Nissan_S13_Cabrio,X10DD,00.Arch.X10DD,X10DD.Arch+Nissan_S13_Cabrio.7z,182.5,Assetto Corsa/Cars/X10DD/00.Arch.X10DD/X10DD.Arch+Nissan_S13_Cabrio.7z
X10DD.Arch+Nissan_Silvia_S14,X10DD,00.Arch.X10DD,X10DD.Arch+Nissan_Silvia_S14.7z,31.0,Assetto Corsa/Cars/X10DD/00.Arch.X10DD/X10DD.Arch+Nissan_Silvia_S14.7z
X10DD.Arch+Nissan_Silvia_S15,X10DD,00.Arch.X10DD,X10DD.Arch+Nissan_Silvia_S15.7z,47.9,Assetto Corsa/Cars/X10DD/00.Arch.X10DD/X10DD.Arch+Nissan_Silvia_S15.7z
X10DD.Arch+Toyota JZX100,X10DD,00.Arch.X10DD,X10DD.Arch+Toyota JZX100.7z,55.1,Assetto Corsa/Cars/X10DD/00.Arch.X10DD/X10DD.Arch+Toyota JZX100.7z
X10DD.Arch-Ford Mustang S550,X10DD,00.Arch.X10DD,X10DD.Arch-Ford Mustang S550.7z,239.1,Assetto Corsa/Cars/X10DD/00.Arch.X10DD/X10DD.Arch-Ford Mustang S550.7z
X10DD.Arch-Nissan_S13,X10DD,00.Arch.X10DD,X10DD.Arch-Nissan_S13.7z,76.7,Assetto Corsa/Cars/X10DD/00.Arch.X10DD/X10DD.Arch-Nissan_S13.7z
X10DD.Arch-Nissan_sil80,X10DD,00.Arch.X10DD,X10DD.Arch-Nissan_sil80.7z,134.0,Assetto Corsa/Cars/X10DD/00.Arch.X10DD/X10DD.Arch-Nissan_sil80.7z
X10DD.Arch-Porsche 964 911RS,X10DD,00.Arch.X10DD,X10DD.Arch-Porsche 964 911RS.7z,235.7,Assetto Corsa/Cars/X10DD/00.Arch.X10DD/X10DD.Arch-Porsche 964 911RS.7z
X10DD.Arch-Toyota_AE86_Levin,X10DD,00.Arch.X10DD,X10DD.Arch-Toyota_AE86_Levin.7z,85.4,Assetto Corsa/Cars/X10DD/00.Arch.X10DD/X10DD.Arch-Toyota_AE86_Levin.7z
X10DD.Grassroots-BMW E30 325i,X10DD,01.) X10DD.Grassroots,X10DD.Grassroots-BMW E30 325i.7z,101.6,Assetto Corsa/Cars/X10DD/01.) X10DD.Grassroots/X10DD.Grassroots-BMW E30 325i.7z
X10DD.Grassroots-Ford Mustang Notch,X10DD,01.) X10DD.Grassroots,X10DD.Grassroots-Ford Mustang Notch.7z,101.1,Assetto Corsa/Cars/X10DD/01.) X10DD.Grassroots/X10DD.Grassroots-Ford Mustang Notch.7z
X10DD.Grassroots-Hyundai Genesis,X10DD,01.) X10DD.Grassroots,X10DD.Grassroots-Hyundai Genesis.7z,50.9,Assetto Corsa/Cars/X10DD/01.) X10DD.Grassroots/X10DD.Grassroots-Hyundai Genesis.7z
X10DD.Grassroots-Mazda Miata NA8C,X10DD,01.) X10DD.Grassroots,X10DD.Grassroots-Mazda Miata NA8C.7z,91.8,Assetto Corsa/Cars/X10DD/01.) X10DD.Grassroots/X10DD.Grassroots-Mazda Miata NA8C.7z
X10DD.Grassroots-Mazda RX7 FC3S,X10DD,01.) X10DD.Grassroots,X10DD.Grassroots-Mazda RX7 FC3S.7z,61.3,Assetto Corsa/Cars/X10DD/01.) X10DD.Grassroots/X10DD.Grassroots-Mazda RX7 FC3S.7z
X10DD.Grassroots-Mazda RX7 FD,X10DD,01.) X10DD.Grassroots,X10DD.Grassroots-Mazda RX7 FD.7z,77.1,Assetto Corsa/Cars/X10DD/01.) X10DD.Grassroots/X10DD.Grassroots-Mazda RX7 FD.7z
X10DD.Grassroots-Nissan 180SX,X10DD,01.) X10DD.Grassroots,X10DD.Grassroots-Nissan 180SX.7z,146.5,Assetto Corsa/Cars/X10DD/01.) X10DD.Grassroots/X10DD.Grassroots-Nissan 180SX.7z
X10DD.Grassroots-Nissan 240SX,X10DD,01.) X10DD.Grassroots,X10DD.Grassroots-Nissan 240SX.7z,98.8,Assetto Corsa/Cars/X10DD/01.) X10DD.Grassroots/X10DD.Grassroots-Nissan 240SX.7z
X10DD.Grassroots-Nissan S14,X10DD,01.) X10DD.Grassroots,X10DD.Grassroots-Nissan S14.7z,34.9,Assetto Corsa/Cars/X10DD/01.) X10DD.Grassroots/X10DD.Grassroots-Nissan S14.7z
X10DD.Grassroots-Nissan S15,X10DD,01.) X10DD.Grassroots,X10DD.Grassroots-Nissan S15.7z,81.7,Assetto Corsa/Cars/X10DD/01.) X10DD.Grassroots/X10DD.Grassroots-Nissan S15.7z
X10DD.Grassroots-Nissan Silvia S13,X10DD,01.) X10DD.Grassroots,X10DD.Grassroots-Nissan Silvia S13.7z,91.6,Assetto Corsa/Cars/X10DD/01.) X10DD.Grassroots/X10DD.Grassroots-Nissan Silvia S13.7z
X10DD.Grassroots-Nissan Skyline R32,X10DD,01.) X10DD.Grassroots,X10DD.Grassroots-Nissan Skyline R32.7z,98.8,Assetto Corsa/Cars/X10DD/01.) X10DD.Grassroots/X10DD.Grassroots-Nissan Skyline R32.7z
X10DD.Grassroots-Nissan_350Z,X10DD,01.) X10DD.Grassroots,X10DD.Grassroots-Nissan_350Z.7z,74.8,Assetto Corsa/Cars/X10DD/01.) X10DD.Grassroots/X10DD.Grassroots-Nissan_350Z.7z
X10DD.Grassroots-Toyota AE86,X10DD,01.) X10DD.Grassroots,X10DD.Grassroots-Toyota AE86.7z,61.2,Assetto Corsa/Cars/X10DD/01.) X10DD.Grassroots/X10DD.Grassroots-Toyota AE86.7z
X10DD.Grassroots-Toyota GR86,X10DD,01.) X10DD.Grassroots,X10DD.Grassroots-Toyota GR86.7z,125.7,Assetto Corsa/Cars/X10DD/01.) X10DD.Grassroots/X10DD.Grassroots-Toyota GR86.7z
X10DD.Grassroots-Toyota Supra A70 mk3,X10DD,01.) X10DD.Grassroots,X10DD.Grassroots-Toyota Supra A70 mk3.7z,88.7,Assetto Corsa/Cars/X10DD/01.) X10DD.Grassroots/X10DD.Grassroots-Toyota Supra A70 mk3.7z
X10DD.Grassroots-Nissan 370z,X10DD,01.) X10DD.Grassroots/001.Server Exclusives,X10DD.Grassroots-Nissan 370z.7z,30.8,Assetto Corsa/Cars/X10DD/01.) X10DD.Grassroots/001.Server Exclusives/X10DD.Grassroots-Nissan 370z.7z
X10DD.Grassroots-Nissan Fairlady 350Z,X10DD,01.) X10DD.Grassroots/001.Server Exclusives,X10DD.Grassroots-Nissan Fairlady 350Z.7z,90.0,Assetto Corsa/Cars/X10DD/01.) X10DD.Grassroots/001.Server Exclusives/X10DD.Grassroots-Nissan Fairlady 350Z.7z
X10DD.Grassroots-Nissan Sentra,X10DD,01.) X10DD.Grassroots/001.Server Exclusives,X10DD.Grassroots-Nissan Sentra.7z,64.6,Assetto Corsa/Cars/X10DD/01.) X10DD.Grassroots/001.Server Exclusives/X10DD.Grassroots-Nissan Sentra.7z
X10DD.Grassroots-Nissan Skyline R31,X10DD,01.) X10DD.Grassroots/001.Server Exclusives,X10DD.Grassroots-Nissan Skyline R31.7z,26.6,Assetto Corsa/Cars/X10DD/01.) X10DD.Grassroots/001.Server Exclusives/X10DD.Grassroots-Nissan Skyline R31.7z
X10DD.Grassroots-Nissan Z,X10DD,01.) X10DD.Grassroots/001.Server Exclusives,X10DD.Grassroots-Nissan Z.7z,143.4,Assetto Corsa/Cars/X10DD/01.) X10DD.Grassroots/001.Server Exclusives/X10DD.Grassroots-Nissan Z.7z
X10DD.Grassroots-Nissan_300zx,X10DD,01.) X10DD.Grassroots/001.Server Exclusives,X10DD.Grassroots-Nissan_300zx.7z,91.3,Assetto Corsa/Cars/X10DD/01.) X10DD.Grassroots/001.Server Exclusives/X10DD.Grassroots-Nissan_300zx.7z
X10DD.Grassroots-Porsche 964 911RS,X10DD,01.) X10DD.Grassroots/001.Server Exclusives,X10DD.Grassroots-Porsche 964 911RS.7z,60.5,Assetto Corsa/Cars/X10DD/01.) X10DD.Grassroots/001.Server Exclusives/X10DD.Grassroots-Porsche 964 911RS.7z
X10DD.Street-BMW M3 E36,X10DD,02.) X10DD.Street,X10DD.Street-BMW M3 E36.7z,115.9,Assetto Corsa/Cars/X10DD/02.) X10DD.Street/X10DD.Street-BMW M3 E36.7z
X10DD.Street-BMW_M3_E46,X10DD,02.) X10DD.Street,X10DD.Street-BMW_M3_E46.7z,121.9,Assetto Corsa/Cars/X10DD/02.) X10DD.Street/X10DD.Street-BMW_M3_E46.7z
X10DD.Street-Chevrolet_Corvette_C6,X10DD,02.) X10DD.Street,X10DD.Street-Chevrolet_Corvette_C6.7z,140.5,Assetto Corsa/Cars/X10DD/02.) X10DD.Street/X10DD.Street-Chevrolet_Corvette_C6.7z
X10DD.Street-Chevy_Corvette_C4,X10DD,02.) X10DD.Street,X10DD.Street-Chevy_Corvette_C4.7z,82.8,Assetto Corsa/Cars/X10DD/02.) X10DD.Street/X10DD.Street-Chevy_Corvette_C4.7z
X10DD.Street-Chevy_Corvette_C5,X10DD,02.) X10DD.Street,X10DD.Street-Chevy_Corvette_C5.7z,150.0,Assetto Corsa/Cars/X10DD/02.) X10DD.Street/X10DD.Street-Chevy_Corvette_C5.7z
X10DD.Street-Dodge Challenger Demon,X10DD,02.) X10DD.Street,X10DD.Street-Dodge Challenger Demon.7z,89.0,Assetto Corsa/Cars/X10DD/02.) X10DD.Street/X10DD.Street-Dodge Challenger Demon.7z
X10DD.Street-Dodge Charger RT,X10DD,02.) X10DD.Street,X10DD.Street-Dodge Charger RT.7z,97.6,Assetto Corsa/Cars/X10DD/02.) X10DD.Street/X10DD.Street-Dodge Charger RT.7z
X10DD.Street-Ford Mustang RTR,X10DD,02.) X10DD.Street,X10DD.Street-Ford Mustang RTR.7z,459.4,Assetto Corsa/Cars/X10DD/02.) X10DD.Street/X10DD.Street-Ford Mustang RTR.7z
X10DD.Street-Ford Mustang S197,X10DD,02.) X10DD.Street,X10DD.Street-Ford Mustang S197.7z,107.1,Assetto Corsa/Cars/X10DD/02.) X10DD.Street/X10DD.Street-Ford Mustang S197.7z
X10DD.Street-Ford Mustang Saleen,X10DD,02.) X10DD.Street,X10DD.Street-Ford Mustang Saleen.7z,90.7,Assetto Corsa/Cars/X10DD/02.) X10DD.Street/X10DD.Street-Ford Mustang Saleen.7z
X10DD.Street-Ford_Foxbody_Mustang,X10DD,02.) X10DD.Street,X10DD.Street-Ford_Foxbody_Mustang.7z,103.5,Assetto Corsa/Cars/X10DD/02.) X10DD.Street/X10DD.Street-Ford_Foxbody_Mustang.7z
X10DD.Street-Ford_Mustang_sn95,X10DD,02.) X10DD.Street,X10DD.Street-Ford_Mustang_sn95.7z,94.7,Assetto Corsa/Cars/X10DD/02.) X10DD.Street/X10DD.Street-Ford_Mustang_sn95.7z
X10DD.Street-GMC Syclone,X10DD,02.) X10DD.Street,X10DD.Street-GMC Syclone.7z,114.4,Assetto Corsa/Cars/X10DD/02.) X10DD.Street/X10DD.Street-GMC Syclone.7z
X10DD.Street-Lexus IS300,X10DD,02.) X10DD.Street,X10DD.Street-Lexus IS300.7z,165.1,Assetto Corsa/Cars/X10DD/02.) X10DD.Street/X10DD.Street-Lexus IS300.7z
X10DD.Street-Mazda RX-7 FC3S,X10DD,02.) X10DD.Street,X10DD.Street-Mazda RX-7 FC3S.7z,101.1,Assetto Corsa/Cars/X10DD/02.) X10DD.Street/X10DD.Street-Mazda RX-7 FC3S.7z
X10DD.Street-Mazda RX7 FD,X10DD,02.) X10DD.Street,X10DD.Street-Mazda RX7 FD.7z,124.0,Assetto Corsa/Cars/X10DD/02.) X10DD.Street/X10DD.Street-Mazda RX7 FD.7z
X10DD.Street-Mazda_Miata NA8C,X10DD,02.) X10DD.Street,X10DD.Street-Mazda_Miata NA8C.7z,162.4,Assetto Corsa/Cars/X10DD/02.) X10DD.Street/X10DD.Street-Mazda_Miata NA8C.7z
X10DD.Street-Mercedes_SL65,X10DD,02.) X10DD.Street,X10DD.Street-Mercedes_SL65.7z,65.9,Assetto Corsa/Cars/X10DD/02.) X10DD.Street/X10DD.Street-Mercedes_SL65.7z
X10DD.Street-Mitsubishi_Lancer_Evo6,X10DD,02.) X10DD.Street,X10DD.Street-Mitsubishi_Lancer_Evo6.7z,86.9,Assetto Corsa/Cars/X10DD/02.) X10DD.Street/X10DD.Street-Mitsubishi_Lancer_Evo6.7z
X10DD.Street-Nissan 180SX RPS13,X10DD,02.) X10DD.Street,X10DD.Street-Nissan 180SX RPS13.7z,141.0,Assetto Corsa/Cars/X10DD/02.) X10DD.Street/X10DD.Street-Nissan 180SX RPS13.7z
X10DD.Street-Nissan 240SX,X10DD,02.) X10DD.Street,X10DD.Street-Nissan 240SX.7z,82.8,Assetto Corsa/Cars/X10DD/02.) X10DD.Street/X10DD.Street-Nissan 240SX.7z
X10DD.Street-Nissan R34,X10DD,02.) X10DD.Street,X10DD.Street-Nissan R34.7z,139.7,Assetto Corsa/Cars/X10DD/02.) X10DD.Street/X10DD.Street-Nissan R34.7z
X10DD.Street-Nissan S14,X10DD,02.) X10DD.Street,X10DD.Street-Nissan S14.7z,177.9,Assetto Corsa/Cars/X10DD/02.) X10DD.Street/X10DD.Street-Nissan S14.7z
X10DD.Street-Nissan.S13,X10DD,02.) X10DD.Street,X10DD.Street-Nissan.S13.7z,79.6,Assetto Corsa/Cars/X10DD/02.) X10DD.Street/X10DD.Street-Nissan.S13.7z
X10DD.Street-Nissan_350Z,X10DD,02.) X10DD.Street,X10DD.Street-Nissan_350Z.7z,94.3,Assetto Corsa/Cars/X10DD/02.) X10DD.Street/X10DD.Street-Nissan_350Z.7z
X10DD.Street-Nissan_Laurel_C35,X10DD,02.) X10DD.Street,X10DD.Street-Nissan_Laurel_C35.7z,127.3,Assetto Corsa/Cars/X10DD/02.) X10DD.Street/X10DD.Street-Nissan_Laurel_C35.7z
X10DD.Street-S15 Nissan,X10DD,02.) X10DD.Street,X10DD.Street-S15 Nissan.7z,112.5,Assetto Corsa/Cars/X10DD/02.) X10DD.Street/X10DD.Street-S15 Nissan.7z
X10DD.Street-Subaru_WRX_STi,X10DD,02.) X10DD.Street,X10DD.Street-Subaru_WRX_STi.7z,96.9,Assetto Corsa/Cars/X10DD/02.) X10DD.Street/X10DD.Street-Subaru_WRX_STi.7z
X10DD.Street-Toyota AE86,X10DD,02.) X10DD.Street,X10DD.Street-Toyota AE86.7z,100.8,Assetto Corsa/Cars/X10DD/02.) X10DD.Street/X10DD.Street-Toyota AE86.7z
X10DD.Street-Toyota Supra JZA70,X10DD,02.) X10DD.Street,X10DD.Street-Toyota Supra JZA70.7z,101.9,Assetto Corsa/Cars/X10DD/02.) X10DD.Street/X10DD.Street-Toyota Supra JZA70.7z
X10DD.Street+BMW_Chaser,X10DD,02.) X10DD.Street/Street+,X10DD.Street+BMW_Chaser.7z,66.1,Assetto Corsa/Cars/X10DD/02.) X10DD.Street/Street+/X10DD.Street+BMW_Chaser.7z
X10DD.Street+Ford Mustang DT,X10DD,02.) X10DD.Street/Street+,X10DD.Street+Ford Mustang DT.7z,79.6,Assetto Corsa/Cars/X10DD/02.) X10DD.Street/Street+/X10DD.Street+Ford Mustang DT.7z
X10DD.Street+Ford_CrownVic,X10DD,02.) X10DD.Street/Street+,X10DD.Street+Ford_CrownVic.7z,108.1,Assetto Corsa/Cars/X10DD/02.) X10DD.Street/Street+/X10DD.Street+Ford_CrownVic.7z
X10DD.Street+Nissan PS13,X10DD,02.) X10DD.Street/Street+,X10DD.Street+Nissan PS13.7z,36.6,Assetto Corsa/Cars/X10DD/02.) X10DD.Street/Street+/X10DD.Street+Nissan PS13.7z
X10DD.Street+Nissan_370Z,X10DD,02.) X10DD.Street/Street+,X10DD.Street+Nissan_370Z.7z,91.9,Assetto Corsa/Cars/X10DD/02.) X10DD.Street/Street+/X10DD.Street+Nissan_370Z.7z
X10DD.Street+Nissan_R31,X10DD,02.) X10DD.Street/Street+,X10DD.Street+Nissan_R31.7z,159.1,Assetto Corsa/Cars/X10DD/02.) X10DD.Street/Street+/X10DD.Street+Nissan_R31.7z
X10DD.Street-BMW_E30_Tuned,X10DD,02.) X10DD.Street/Street+,X10DD.Street-BMW_E30_Tuned.7z,54.8,Assetto Corsa/Cars/X10DD/02.) X10DD.Street/Street+/X10DD.Street-BMW_E30_Tuned.7z
X10DD.Muscle-Buick GNX,X10DD,03.) X10DD.Muscle,X10DD.Muscle-Buick GNX.7z,100.3,Assetto Corsa/Cars/X10DD/03.) X10DD.Muscle/X10DD.Muscle-Buick GNX.7z
X10DD.Muscle-Chevrolet Corvette 67,X10DD,03.) X10DD.Muscle,X10DD.Muscle-Chevrolet Corvette 67.7z,100.3,Assetto Corsa/Cars/X10DD/03.) X10DD.Muscle/X10DD.Muscle-Chevrolet Corvette 67.7z
X10DD.Muscle-Chevrolet Impala 67,X10DD,03.) X10DD.Muscle,X10DD.Muscle-Chevrolet Impala 67.7z,104.6,Assetto Corsa/Cars/X10DD/03.) X10DD.Muscle/X10DD.Muscle-Chevrolet Impala 67.7z
X10DD.Muscle-Chevy Camaro Transam,X10DD,03.) X10DD.Muscle,X10DD.Muscle-Chevy Camaro Transam.7z,91.4,Assetto Corsa/Cars/X10DD/03.) X10DD.Muscle/X10DD.Muscle-Chevy Camaro Transam.7z
X10DD.Muscle-Chevy_Camaro 1967,X10DD,03.) X10DD.Muscle,X10DD.Muscle-Chevy_Camaro 1967.7z,60.8,Assetto Corsa/Cars/X10DD/03.) X10DD.Muscle/X10DD.Muscle-Chevy_Camaro 1967.7z
X10DD.Muscle-Chevy_Camaro__zl1,X10DD,03.) X10DD.Muscle,X10DD.Muscle-Chevy_Camaro__zl1.7z,76.9,Assetto Corsa/Cars/X10DD/03.) X10DD.Muscle/X10DD.Muscle-Chevy_Camaro__zl1.7z
X10DD.Muscle-Chevy_Nova69,X10DD,03.) X10DD.Muscle,X10DD.Muscle-Chevy_Nova69.7z,68.1,Assetto Corsa/Cars/X10DD/03.) X10DD.Muscle/X10DD.Muscle-Chevy_Nova69.7z
X10DD.Muscle-Dodge Challenger RT,X10DD,03.) X10DD.Muscle,X10DD.Muscle-Dodge Challenger RT.7z,77.4,Assetto Corsa/Cars/X10DD/03.) X10DD.Muscle/X10DD.Muscle-Dodge Challenger RT.7z
X10DD.Muscle-Ford Mustang Boss 70,X10DD,03.) X10DD.Muscle,X10DD.Muscle-Ford Mustang Boss 70.7z,85.2,Assetto Corsa/Cars/X10DD/03.) X10DD.Muscle/X10DD.Muscle-Ford Mustang Boss 70.7z
X10DD.Muscle-Ford_Mavrick,X10DD,03.) X10DD.Muscle,X10DD.Muscle-Ford_Mavrick.7z,126.6,Assetto Corsa/Cars/X10DD/03.) X10DD.Muscle/X10DD.Muscle-Ford_Mavrick.7z
X10DD.Muscle-Ford_Mustang_Shelby_GT500_67,X10DD,03.) X10DD.Muscle,X10DD.Muscle-Ford_Mustang_Shelby_GT500_67.7z,230.4,Assetto Corsa/Cars/X10DD/03.) X10DD.Muscle/X10DD.Muscle-Ford_Mustang_Shelby_GT500_67.7z
X10DD.Muscle-Mercury Cougar,X10DD,03.) X10DD.Muscle,X10DD.Muscle-Mercury Cougar.7z,149.6,Assetto Corsa/Cars/X10DD/03.) X10DD.Muscle/X10DD.Muscle-Mercury Cougar.7z
X10DD.Muscle-Plymouth Barracuda,X10DD,03.) X10DD.Muscle,X10DD.Muscle-Plymouth Barracuda.7z,154.5,Assetto Corsa/Cars/X10DD/03.) X10DD.Muscle/X10DD.Muscle-Plymouth Barracuda.7z
X10DD.Muscle-Plymouth Road Runner,X10DD,03.) X10DD.Muscle,X10DD.Muscle-Plymouth Road Runner.7z,133.7,Assetto Corsa/Cars/X10DD/03.) X10DD.Muscle/X10DD.Muscle-Plymouth Road Runner.7z
X10DD.ProSpec+BMW_M2_G87,X10DD,04.) X10DD.ProSpec,X10DD.ProSpec+BMW_M2_G87.7z,71.7,Assetto Corsa/Cars/X10DD/04.) X10DD.ProSpec/X10DD.ProSpec+BMW_M2_G87.7z
X10DD.ProSpec+Chevy_Camaro_SS,X10DD,04.) X10DD.ProSpec,X10DD.ProSpec+Chevy_Camaro_SS.7z,35.4,Assetto Corsa/Cars/X10DD/04.) X10DD.ProSpec/X10DD.ProSpec+Chevy_Camaro_SS.7z
X10DD.ProSpec+Chevy_Corvette_C5,X10DD,04.) X10DD.ProSpec,X10DD.ProSpec+Chevy_Corvette_C5.7z,107.5,Assetto Corsa/Cars/X10DD/04.) X10DD.ProSpec/X10DD.ProSpec+Chevy_Corvette_C5.7z
X10DD.ProSpec+Ford Mustang S197,X10DD,04.) X10DD.ProSpec,X10DD.ProSpec+Ford Mustang S197.7z,73.9,Assetto Corsa/Cars/X10DD/04.) X10DD.ProSpec/X10DD.ProSpec+Ford Mustang S197.7z
X10DD.ProSpec-BMW E36 M3,X10DD,04.) X10DD.ProSpec,X10DD.ProSpec-BMW E36 M3.7z,86.2,Assetto Corsa/Cars/X10DD/04.) X10DD.ProSpec/X10DD.ProSpec-BMW E36 M3.7z
X10DD.ProSpec-BMW M3,X10DD,04.) X10DD.ProSpec,X10DD.ProSpec-BMW M3.7z,124.8,Assetto Corsa/Cars/X10DD/04.) X10DD.ProSpec/X10DD.ProSpec-BMW M3.7z
X10DD.ProSpec-BMW M3 E30,X10DD,04.) X10DD.ProSpec,X10DD.ProSpec-BMW M3 E30.7z,51.6,Assetto Corsa/Cars/X10DD/04.) X10DD.ProSpec/X10DD.ProSpec-BMW M3 E30.7z
X10DD.ProSpec-BMW M4 G82,X10DD,04.) X10DD.ProSpec,X10DD.ProSpec-BMW M4 G82.7z,88.9,Assetto Corsa/Cars/X10DD/04.) X10DD.ProSpec/X10DD.ProSpec-BMW M4 G82.7z
X10DD.ProSpec-BMW_E46_LS7,X10DD,04.) X10DD.ProSpec,X10DD.ProSpec-BMW_E46_LS7.7z,85.6,Assetto Corsa/Cars/X10DD/04.) X10DD.ProSpec/X10DD.ProSpec-BMW_E46_LS7.7z
X10DD.ProSpec-BMW_E92,X10DD,04.) X10DD.ProSpec,X10DD.ProSpec-BMW_E92.7z,96.6,Assetto Corsa/Cars/X10DD/04.) X10DD.ProSpec/X10DD.ProSpec-BMW_E92.7z
X10DD.ProSpec-Chevy Corvette C6,X10DD,04.) X10DD.ProSpec,X10DD.ProSpec-Chevy Corvette C6.7z,51.0,Assetto Corsa/Cars/X10DD/04.) X10DD.ProSpec/X10DD.ProSpec-Chevy Corvette C6.7z
X10DD.ProSpec-Chevy Corvette C6.1,X10DD,04.) X10DD.ProSpec,X10DD.ProSpec-Chevy Corvette C6.1.7z,76.1,Assetto Corsa/Cars/X10DD/04.) X10DD.ProSpec/X10DD.ProSpec-Chevy Corvette C6.1.7z
X10DD.ProSpec-Chevy Corvette C7,X10DD,04.) X10DD.ProSpec,X10DD.ProSpec-Chevy Corvette C7.7z,77.7,Assetto Corsa/Cars/X10DD/04.) X10DD.ProSpec/X10DD.ProSpec-Chevy Corvette C7.7z
X10DD.ProSpec-Ford Mustang 66 RTR,X10DD,04.) X10DD.ProSpec,X10DD.ProSpec-Ford Mustang 66 RTR.7z,80.8,Assetto Corsa/Cars/X10DD/04.) X10DD.ProSpec/X10DD.ProSpec-Ford Mustang 66 RTR.7z
X10DD.ProSpec-Ford Mustang S550,X10DD,04.) X10DD.ProSpec,X10DD.ProSpec-Ford Mustang S550.7z,56.6,Assetto Corsa/Cars/X10DD/04.) X10DD.ProSpec/X10DD.ProSpec-Ford Mustang S550.7z
X10DD.ProSpec-Mitsubishi Lancer Evo X,X10DD,04.) X10DD.ProSpec,X10DD.ProSpec-Mitsubishi Lancer Evo X.7z,96.3,Assetto Corsa/Cars/X10DD/04.) X10DD.ProSpec/X10DD.ProSpec-Mitsubishi Lancer Evo X.7z
X10DD.ProSpec-Nissan S14,X10DD,04.) X10DD.ProSpec,X10DD.ProSpec-Nissan S14.7z,70.0,Assetto Corsa/Cars/X10DD/04.) X10DD.ProSpec/X10DD.ProSpec-Nissan S14.7z
X10DD.ProSpec-Nissan S15,X10DD,04.) X10DD.ProSpec,X10DD.ProSpec-Nissan S15.7z,91.1,Assetto Corsa/Cars/X10DD/04.) X10DD.ProSpec/X10DD.ProSpec-Nissan S15.7z
X10DD.ProSpec-Nissan_180SX,X10DD,04.) X10DD.ProSpec,X10DD.ProSpec-Nissan_180SX.7z,96.0,Assetto Corsa/Cars/X10DD/04.) X10DD.ProSpec/X10DD.ProSpec-Nissan_180SX.7z
X10DD.ProSpec-Nissan_350z,X10DD,04.) X10DD.ProSpec,X10DD.ProSpec-Nissan_350z.7z,126.9,Assetto Corsa/Cars/X10DD/04.) X10DD.ProSpec/X10DD.ProSpec-Nissan_350z.7z
X10DD.ProSpec-Nissan_S13,X10DD,04.) X10DD.ProSpec,X10DD.ProSpec-Nissan_S13.7z,117.2,Assetto Corsa/Cars/X10DD/04.) X10DD.ProSpec/X10DD.ProSpec-Nissan_S13.7z
X10DD.ProSpec-Nissan_S14_Boss,X10DD,04.) X10DD.ProSpec,X10DD.ProSpec-Nissan_S14_Boss.7z,85.8,Assetto Corsa/Cars/X10DD/04.) X10DD.ProSpec/X10DD.ProSpec-Nissan_S14_Boss.7z
X10DD.ProSpec-Toyota A80 Supra,X10DD,04.) X10DD.ProSpec,X10DD.ProSpec-Toyota A80 Supra.7z,97.5,Assetto Corsa/Cars/X10DD/04.) X10DD.ProSpec/X10DD.ProSpec-Toyota A80 Supra.7z
X10DD.ProSpec-Toyota Aristo,X10DD,04.) X10DD.ProSpec,X10DD.ProSpec-Toyota Aristo.7z,70.3,Assetto Corsa/Cars/X10DD/04.) X10DD.ProSpec/X10DD.ProSpec-Toyota Aristo.7z
X10DD.ProSpec-Toyota Corolla,X10DD,04.) X10DD.ProSpec,X10DD.ProSpec-Toyota Corolla.7z,97.0,Assetto Corsa/Cars/X10DD/04.) X10DD.ProSpec/X10DD.ProSpec-Toyota Corolla.7z
X10DD.ProSpec-Toyota GT86,X10DD,04.) X10DD.ProSpec,X10DD.ProSpec-Toyota GT86.7z,107.4,Assetto Corsa/Cars/X10DD/04.) X10DD.ProSpec/X10DD.ProSpec-Toyota GT86.7z
X10DD.ProSpec-Toyota Supra A90,X10DD,04.) X10DD.ProSpec,X10DD.ProSpec-Toyota Supra A90.7z,97.6,Assetto Corsa/Cars/X10DD/04.) X10DD.ProSpec/X10DD.ProSpec-Toyota Supra A90.7z
X10DD.ProSpec.Lexus_RCF,X10DD,04.) X10DD.ProSpec,X10DD.ProSpec.Lexus_RCF.7z,90.4,Assetto Corsa/Cars/X10DD/04.) X10DD.ProSpec/X10DD.ProSpec.Lexus_RCF.7z
-AiO.Street-Mitsubishi.Evo,X10DD,Fast and Furious,-AiO.Street-Mitsubishi.Evo.7z,49.9,Assetto Corsa/Cars/X10DD/Fast and Furious/-AiO.Street-Mitsubishi.Evo.7z
X10DD.Battle-FnF_Honda_S2000,X10DD,Fast and Furious,X10DD.Battle-FnF_Honda_S2000.7z,55.3,Assetto Corsa/Cars/X10DD/Fast and Furious/X10DD.Battle-FnF_Honda_S2000.7z
X10DD.FnF-Honda_Civic_EJ1,X10DD,Fast and Furious,X10DD.FnF-Honda_Civic_EJ1.7z,26.5,Assetto Corsa/Cars/X10DD/Fast and Furious/X10DD.FnF-Honda_Civic_EJ1.7z
X10DD.FnF-Honda_Civic_EJ2,X10DD,Fast and Furious,X10DD.FnF-Honda_Civic_EJ2.7z,48.1,Assetto Corsa/Cars/X10DD/Fast and Furious/X10DD.FnF-Honda_Civic_EJ2.7z
bk_truck_kent_t800,X10DD,Fast and Furious,bk_truck_kent_t800.7z,51.0,Assetto Corsa/Cars/X10DD/Fast and Furious/bk_truck_kent_t800.7z
fnf2_nissan_skyline,X10DD,Fast and Furious,fnf2_nissan_skyline.7z,60.0,Assetto Corsa/Cars/X10DD/Fast and Furious/fnf2_nissan_skyline.7z
fnf_mitsubishi_eclipse,X10DD,Fast and Furious,fnf_mitsubishi_eclipse.7z,24.0,Assetto Corsa/Cars/X10DD/Fast and Furious/fnf_mitsubishi_eclipse.7z
fnf_toyota_supra,X10DD,Fast and Furious,fnf_toyota_supra.7z,36.2,Assetto Corsa/Cars/X10DD/Fast and Furious/fnf_toyota_supra.7z
integra_Fnf1_edwin,X10DD,Fast and Furious,integra_Fnf1_edwin.7z,35.7,Assetto Corsa/Cars/X10DD/Fast and Furious/integra_Fnf1_edwin.7z
integra_mia_fnf1,X10DD,Fast and Furious,integra_mia_fnf1.7z,18.9,Assetto Corsa/Cars/X10DD/Fast and Furious/integra_mia_fnf1.7z
mg_ford_mustang_fnf,X10DD,Fast and Furious,mg_ford_mustang_fnf.7z,179.4,Assetto Corsa/Cars/X10DD/Fast and Furious/mg_ford_mustang_fnf.7z
navi_nissan_z33_veilside,X10DD,Fast and Furious,navi_nissan_z33_veilside.7z,32.6,Assetto Corsa/Cars/X10DD/Fast and Furious/navi_nissan_z33_veilside.7z
nissan_s14_fnf1,X10DD,Fast and Furious,nissan_s14_fnf1.7z,40.3,Assetto Corsa/Cars/X10DD/Fast and Furious/nissan_s14_fnf1.7z
nissan_skyline_FNF1,X10DD,Fast and Furious,nissan_skyline_FNF1.7z,36.1,Assetto Corsa/Cars/X10DD/Fast and Furious/nissan_skyline_FNF1.7z
pb_charger_dom,X10DD,Fast and Furious,pb_charger_dom.7z,23.5,Assetto Corsa/Cars/X10DD/Fast and Furious/pb_charger_dom.7z
pb_ff1_jetta,X10DD,Fast and Furious,pb_ff1_jetta.7z,19.5,Assetto Corsa/Cars/X10DD/Fast and Furious/pb_ff1_jetta.7z
traffic_f_f_truck,X10DD,Fast and Furious,traffic_f_f_truck.7z,52.8,Assetto Corsa/Cars/X10DD/Fast and Furious/traffic_f_f_truck.7z
ADL-RealiSimHQ Pro Am Extended Physics,Zipped Carpacks,,ADL-RealiSimHQ Pro Am Extended Physics.7z,2487.4,Assetto Corsa/Cars/Zipped Carpacks/ADL-RealiSimHQ Pro Am Extended Physics.7z
LVL240 Carpack v0.01.00,Zipped Carpacks,,LVL240 Carpack v0.01.00.7z,4451.7,Assetto Corsa/Cars/Zipped Carpacks/LVL240 Carpack v0.01.00.7z
LVL420 Carpack v0.01.00,Zipped Carpacks,,LVL420 Carpack v0.01.00.7z,4066.1,Assetto Corsa/Cars/Zipped Carpacks/LVL420 Carpack v0.01.00.7z
X10DD 01.Grassroots Pack,Zipped Carpacks,,X10DD 01.Grassroots Pack.7z,1302.2,Assetto Corsa/Cars/Zipped Carpacks/X10DD 01.Grassroots Pack.7z
X10DD 02.Street Carpack,Zipped Carpacks,,X10DD 02.Street Carpack.7z,3563.3,Assetto Corsa/Cars/Zipped Carpacks/X10DD 02.Street Carpack.7z
X10DD 03.Muscle Carpack,Zipped Carpacks,,X10DD 03.Muscle Carpack.zip,1437.6,Assetto Corsa/Cars/Zipped Carpacks/X10DD 03.Muscle Carpack.zip
X10DD 04. FD ProSpec,Zipped Carpacks,,X10DD 04. FD ProSpec.7z,2316.8,Assetto Corsa/Cars/Zipped Carpacks/X10DD 04. FD ProSpec.7z
_T.A.N.D.E.M.S_,Zipped Carpacks,,_T.A.N.D.E.M.S_.7z,4186.5,Assetto Corsa/Cars/Zipped Carpacks/_T.A.N.D.E.M.S_.7z
